Suite,Scenario,MeanSharpe,MedianSharpe,MeanCAGR,MedianCAGR,MeanMaxDD,NTickers,N_dates,MeanNetPnL,MedianNetPnL,AvgHit,AvgNonFlatHit,EventSharpe,Gate
QQQ,sp500_short,0.3711327282288245,0.1472977403827028,0.15060582152410834,-0.0158637547717347,-0.3241635272818405,35,18,-0.003433782225022135,0.0,0.5996541354404257,0.44605878807498583,-0.38955596496099715,SOFT
QQQ,sp600_short,0.3574102000851907,0.2653315074766363,0.21700370812764497,0.0120401278180022,-0.3724909923746486,101,18,-0.0054459460468218,0.0,0.566330552056419,0.42460190020666794,-0.5197969511636198,SOFT
QQQ,sp600_med,0.3425552678916404,0.4413565501661126,0.13929257206133505,0.0541962744404542,-0.37866039029667165,143,18,-0.004723874241388623,0.0,0.6188811188811189,0.43221929585437,-0.5351303507865519,SOFT
QQQ,sp600_long,0.2654635806909574,0.288310803087528,0.06478220738546245,0.0339753489389005,-0.4567420907623098,349,18,-0.006865044291406272,0.0,0.5850047755491882,0.3952678067968027,-0.6536022983355387,SOFT
QQQ,sp400_long,0.20334946447806165,0.2738684896525833,0.055054910089761946,0.0278247038839067,-0.4480567570789237,251,18,-0.005443026493816988,0.0,0.5914121292607349,0.41731051667320335,-0.6068478449314124,SOFT
QQQ,sp400_short,0.16895667631914515,0.043516383911950354,0.12643411162542106,-0.0214554652927576,-0.3846469759585843,64,18,-0.004845926836525217,0.0,0.5825695848885261,0.42980850217660005,-0.5085437153327076,FAIL
QQQ,sp400_med,0.0840587271783703,0.12661219387746986,0.022895302145082896,-0.00466942560165505,-0.400229276236458,86,18,-0.004068051644742533,0.0,0.6343669250645996,0.448363978934444,-0.4698596043856713,FAIL
QQQ,sp500_long,0.07923570502467223,0.11187635227389085,0.02381173537958503,-0.0034971208430709,-0.3562671546614826,396,18,-0.002366311590586111,0.0,0.6203703703703703,0.4776296538092095,-0.42798360043050265,FAIL
QQQ,sp500_med,-0.0658354177351505,-0.0437530190535747,-0.03311401111319959,-0.032331061461455,-0.3709059995309851,71,18,-0.0020229442433145036,0.0,0.6549295774647886,0.4533682750602901,-0.38772226372723845,FAIL
